{
    "2.0.0": {
        "version": "2.0.0",
        "id": "15874EBA6932",
        "title": "Alert",
        "code": "alert",
        "parts": [
            {
                "id": "message",
                "kind": "static-text",
                "text": "Something happened that you should be aware of."
            },
            {
                "id": "36794E21D5AF",
                "kind": "link",
                "text": "American Express",
                "url": "https://www.americanexpress.com/"
            },
            {
                "id": "47592CF1EB60",
                "kind": "button",
                "label": "Answer Later",
                "action": "defer",
                "submit": false
            },
            {
                "id": "354716CF02E8",
                "kind": "button",
                "label": "OK",
                "action": "respond-only",
                "submit": true
            }
        ]
    }
}
