{
    "2.0.0": {
        "version": "2.0.0",
        "id": "10F9A46DB2E5",
        "title": "Credentials",
        "code": "credentials",
        "parts": [
            {
                "id": "BE6371FC40A9",
                "kind": "static-text",
                "text": "Please enter your credentials"
            },
            {
                "id": "username",
                "kind": "text-input",
                "label": "Username:"
            },
            {
                "id": "password",
                "kind": "text-input",
                "label": "Password:",
                "sensitive": true
            },
            {
                "id": "36794E21D5AF",
                "kind": "link",
                "text": "American Express",
                "url": "https://www.americanexpress.com/"
            },
            {
                "id": "A9F48356BEDC",
                "kind": "button",
                "label": "Answer Later",
                "action": "defer",
                "submit": false
            },
            {
                "id": "207193CF6DAE",
                "kind": "button",
                "label": "Continue",
                "action": "respond-and-continue-fetch",
                "submit": true
            }
        ]
    }
}
