{
    "2.0.0": {
        "version": "2.0.0",
        "id": "1CF942768DA3",
        "title": "Secret Questions",
        "code": "general",
        "parts": [
            {
                "id": "F1DC78056A4E",
                "kind": "static-text",
                "text": "What is your mother's maiden name?"
            },
            {
                "id": "F96E134758D2",
                "kind": "text-input",
                "label": ""
            },
            {
                "id": "1AC638F572D4",
                "kind": "static-text",
                "text": "What is your favorite color?"
            },
            {
                "id": "820496FECA5B",
                "kind": "text-input",
                "label": ""
            },
            {
                "id": "36794E21D5AF",
                "kind": "link",
                "text": "American Express",
                "url": "https://www.americanexpress.com/"
            },
            {
                "id": "174B2358A9F0",
                "kind": "button",
                "label": "Answer Later",
                "action": "defer",
                "submit": false
            },
            {
                "id": "C2F51E763A49",
                "kind": "button",
                "label": "Continue",
                "action": "respond-and-continue-fetch",
                "submit": true
            }
        ]
    }
}
