{
    "version": "1.0.0",
    "id": "10F9A46DB2E5",
    "title": "Credentials",
    "code": "credentials",
    "legacyCode": "credentials",
    "parts": [
        {
            "id": "BE6371FC40A9",
            "kind": "static-text",
            "text": "Please enter your credentials"
        },
        {
            "id": "username",
            "kind": "text-input",
            "label": "Username:"
        },
        {
            "id": "password",
            "kind": "text-input",
            "label": "Password:",
            "sensitive": true
        }
    ]
}
