{
    "2.0.0": {
        "version": "2.0.0",
        "id": "A790B41F3E68",
        "title": "Account Not Paperless",
        "code": "not-paperless",
        "parts": [
            {
                "id": "360ACE485DBF",
                "kind": "static-text",
                "text": "Before we can retrieve your documents, you need to log in to your American Express account directly from your browser and sign up to \"go paperless\". Please click on the link below to open a browser page and then log in to do this. Once you've done this, return here and click the \"Continue\" button."
            },
            {
                "id": "36794E21D5AF",
                "kind": "link",
                "text": "American Express",
                "url": "https://www.americanexpress.com/"
            },
            {
                "id": "8C6F047E5D3B",
                "kind": "button",
                "label": "Answer Later",
                "action": "defer",
                "submit": false
            },
            {
                "id": "FC860E7B95A2",
                "kind": "button",
                "label": "Continue",
                "action": "respond-and-continue-fetch",
                "submit": true
            }
        ]
    }
}
