{
    "2.0.0": {
        "version": "2.0.0",
        "id": "36D941587F2A",
        "title": "Branch Code",
        "code": "branch-code",
        "parts": [
            {
                "id": "3467C0D521A9",
                "kind": "static-text",
                "text": "Please enter your branch code."
            },
            {
                "id": "value",
                "kind": "text-input",
                "label": "Code:"
            },
            {
                "id": "36794E21D5AF",
                "kind": "link",
                "text": "American Express",
                "url": "https://www.americanexpress.com/"
            },
            {
                "id": "72CB1A6F3D95",
                "kind": "button",
                "label": "Answer Later",
                "action": "defer",
                "submit": false
            },
            {
                "id": "A12390B4E85F",
                "kind": "button",
                "label": "Continue",
                "action": "respond-and-continue-fetch",
                "submit": true
            }
        ]
    }
}
